{
  "Compatibility": "Compatible",
  "Contributors": {
    "Developer": [ "Cirax856" ],
    "Manual": [ "Cirax856", "Želvík" ],
    "Manual graphics": [ "Cirax856" ]
  },
  "DefuserDifficulty": "Medium",
  "Description": "Function Identitifaction is a simple needy module where you need to find the type of the displayed graph of a function.",
  "ExpertDifficulty": "Easy",
  "ModuleID": "functionIdentification",
  "Name": "Function Identification",
  "Origin": "Mods",
  "Published": "2023-07-01",
  "SortKey": "FUNCTIONIDENTIFICATION",
  "SourceUrl": "https://github.com/Cirax856/Function-Identification",
  "SteamID": "2997242597",
  "Symbol": "Mi",
  "Type": "Needy"
}